<?xml version="1.0" encoding="UTF-8"?>
<project-private xmlns="http://www.netbeans.org/ns/project-private/1">
    <editor-bookmarks xmlns="http://www.netbeans.org/ns/editor-bookmarks/2" lastBookmarkId="0"/>
    <open-files xmlns="http://www.netbeans.org/ns/projectui-open-files/2">
        <group name="DEWS-BBDD">
            <file>file:/home/dario/Documentos/DAW2/DWEBS/Ejercicios/PHP/MiCrud-Tareas/Vistas/inicio.php</file>
            <file>file:/home/dario/Documentos/DAW2/DWEBS/Ejercicios/PHP/MiCrud-Tareas/GestionDatos.php</file>
            <file>file:/home/dario/Documentos/DAW2/DWEBS/Ejercicios/PHP/MiCrud-Tareas/index.php</file>
            <file>file:/home/dario/Documentos/DAW2/DWEBS/Ejercicios/PHP/MiCrud-Tareas/controlador.php</file>
        </group>
    </open-files>
</project-private>
