<?xml version="1.0" encoding="UTF-8"?>
<project-private xmlns="http://www.netbeans.org/ns/project-private/1">
    <editor-bookmarks xmlns="http://www.netbeans.org/ns/editor-bookmarks/2" lastBookmarkId="0"/>
    <open-files xmlns="http://www.netbeans.org/ns/projectui-open-files/2">
        <group name="DEWS-BBDD">
            <file>file:/home/dario/Documentos/DAW2/DWEBS/Ejercicios/PHP/MundoAnimal/Animal.php</file>
            <file>file:/home/dario/Documentos/DAW2/DWEBS/Ejercicios/PHP/MundoAnimal/Perro.php</file>
            <file>file:/home/dario/Documentos/DAW2/DWEBS/Ejercicios/PHP/MundoAnimal/Elefante.php</file>
            <file>file:/home/dario/Documentos/DAW2/DWEBS/Ejercicios/PHP/MundoAnimal/Gato.php</file>
            <file>file:/home/dario/Documentos/DAW2/DWEBS/Ejercicios/PHP/MundoAnimal/index.php</file>
        </group>
        <group name="DWES-BBDD">
            <file>file:/C:/Users/dario/Documents/DAW2/DWEBS/Ejercicios/PHP/MundoAnimal/Elefante.php</file>
            <file>file:/C:/Users/dario/Documents/DAW2/DWEBS/Ejercicios/PHP/MundoAnimal/Perro.php</file>
            <file>file:/C:/Users/dario/Documents/DAW2/DWEBS/Ejercicios/PHP/MundoAnimal/Interfaz.php</file>
            <file>file:/C:/Users/dario/Documents/DAW2/DWEBS/Ejercicios/PHP/MundoAnimal/Gato.php</file>
            <file>file:/C:/Users/dario/Documents/DAW2/DWEBS/Ejercicios/PHP/MundoAnimal/Animal.php</file>
            <file>file:/C:/Users/dario/Documents/DAW2/DWEBS/Ejercicios/PHP/MundoAnimal/index.php</file>
        </group>
    </open-files>
</project-private>
