<?xml version="1.0" encoding="UTF-8"?>
<project-private xmlns="http://www.netbeans.org/ns/project-private/1">
    <editor-bookmarks xmlns="http://www.netbeans.org/ns/editor-bookmarks/2" lastBookmarkId="2">
        <file>
            <url>web/index.jsp</url>
            <bookmark id="1">
                <name/>
                <line>15</line>
                <key/>
            </bookmark>
        </file>
        <file>
            <url>web/controlador.jsp</url>
            <bookmark id="2">
                <name/>
                <line>28</line>
                <key/>
            </bookmark>
        </file>
    </editor-bookmarks>
    <open-files xmlns="http://www.netbeans.org/ns/projectui-open-files/2">
        <group>
            <file>file:/home/dario/Documentos/DAW2/DWEBS/Ejercicios/JS/EJ4-LoginRegistro-Objetos-MVC/web/index.jsp</file>
            <file>file:/home/dario/Documentos/DAW2/DWEBS/Ejercicios/JS/EJ4-LoginRegistro-Objetos-MVC/web/vistas/registroCompleto.jsp</file>
            <file>file:/home/dario/Documentos/DAW2/DWEBS/Ejercicios/JS/EJ4-LoginRegistro-Objetos-MVC/web/controlador.jsp</file>
            <file>file:/home/dario/Documentos/DAW2/DWEBS/Ejercicios/JS/EJ4-LoginRegistro-Objetos-MVC/web/vistas/login.jsp</file>
            <file>file:/home/dario/Documentos/DAW2/DWEBS/Ejercicios/JS/EJ4-LoginRegistro-Objetos-MVC/web/vistas/registro.jsp</file>
        </group>
        <group name="DWES-BBDD">
            <file>file:/C:/Users/dario/Documents/DAW2/DWEBS/Ejercicios/JS/BBDD/EJ4-LoginRegistro-Objetos-MVC/web/vistas/valido.jsp</file>
            <file>file:/C:/Users/dario/Documents/DAW2/DWEBS/Ejercicios/JS/BBDD/EJ4-LoginRegistro-Objetos-MVC/web/controlador.jsp</file>
            <file>file:/C:/Users/dario/Documents/DAW2/DWEBS/Ejercicios/JS/BBDD/EJ4-LoginRegistro-Objetos-MVC/src/java/Datos/Usuario.java</file>
            <file>file:/C:/Users/dario/Documents/DAW2/DWEBS/Ejercicios/JS/BBDD/EJ4-LoginRegistro-Objetos-MVC/web/index.jsp</file>
            <file>file:/C:/Users/dario/Documents/DAW2/DWEBS/Ejercicios/JS/BBDD/EJ4-LoginRegistro-Objetos-MVC/web/vistas/error.jsp</file>
        </group>
        <group name="DEWS-BBDD">
            <file>file:/home/dario/Documentos/DAW2/DWEBS/Ejercicios/JS/BBDD/LoginRegistro-BBDD/web/index.jsp</file>
            <file>file:/home/dario/Documentos/DAW2/DWEBS/Ejercicios/JS/BBDD/LoginRegistro-BBDD/web/controlador.jsp</file>
            <file>file:/home/dario/Documentos/DAW2/DWEBS/Ejercicios/JS/BBDD/LoginRegistro-BBDD/src/java/Modelo/ConexionEstatica.java</file>
            <file>file:/home/dario/Documentos/DAW2/DWEBS/Ejercicios/JS/BBDD/LoginRegistro-BBDD/src/java/Modelo/Conexion.java</file>
            <file>file:/home/dario/Documentos/DAW2/DWEBS/Ejercicios/JS/BBDD/LoginRegistro-BBDD/src/java/Modelo/Usuario.java</file>
            <file>file:/home/dario/Documentos/DAW2/DWEBS/Ejercicios/JS/BBDD/LoginRegistro-BBDD/src/java/Auxiliar/Constantes.java</file>
        </group>
    </open-files>
</project-private>
